\connect postgres

--
-- PostgreSQL database dump
--

-- Dumped from database version 14.11 (Debian 14.11-1.pgdg120+2)
-- Dumped by pg_dump version 14.11 (Debian 14.11-1.pgdg120+2)
--

--
-- Data for Name: auth_group; Type: TABLE DATA; Schema: public; Owner: postgres
--

COPY public.auth_group (id, name) FROM stdin;
\.


--
-- Data for Name: auth_group_permissions; Type: TABLE DATA; Schema: public; Owner: postgres
--

COPY public.auth_group_permissions (id, group_id, permission_id) FROM stdin;
\.


--
-- Data for Name: auth_permission; Type: TABLE DATA; Schema: public; Owner: postgres
--

COPY public.auth_permission (id, name, content_type_id, codename) FROM stdin;
1	Can add log entry	1	add_logentry
2	Can change log entry	1	change_logentry
3	Can delete log entry	1	delete_logentry
4	Can view log entry	1	view_logentry
5	Can add permission	2	add_permission
6	Can change permission	2	change_permission
7	Can delete permission	2	delete_permission
8	Can view permission	2	view_permission
9	Can add group	3	add_group
10	Can change group	3	change_group
11	Can delete group	3	delete_group
12	Can view group	3	view_group
13	Can add content type	4	add_contenttype
14	Can change content type	4	change_contenttype
15	Can delete content type	4	delete_contenttype
16	Can view content type	4	view_contenttype
17	Can add session	5	add_session
18	Can change session	5	change_session
19	Can delete session	5	delete_session
20	Can view session	5	view_session
21	Can add user	6	add_customuser
22	Can change user	6	change_customuser
23	Can delete user	6	delete_customuser
24	Can view user	6	view_customuser
25	Can add niccolgur	7	add_niccolgur
26	Can change niccolgur	7	change_niccolgur
27	Can delete niccolgur	7	delete_niccolgur
28	Can view niccolgur	7	view_niccolgur
29	Can add Token	8	add_token
30	Can change Token	8	change_token
31	Can delete Token	8	delete_token
32	Can view Token	8	view_token
33	Can add token	9	add_tokenproxy
34	Can change token	9	change_tokenproxy
35	Can delete token	9	delete_tokenproxy
36	Can view token	9	view_tokenproxy
\.


--
-- Data for Name: authtoken_token; Type: TABLE DATA; Schema: public; Owner: postgres
--

COPY public.authtoken_token (key, created, user_id) FROM stdin;
aa8241465edd502802df3ff466c8bbe129054a41	2022-06-12 16:46:23.985328+00	7
bb6f68becbf33254a07098295ba306dc7f1ccd37	2022-06-12 18:25:17.666276+00	9
94b0b8eecbef4cf764a5f85f7a341f8d54996a09	2022-06-12 18:33:01.484009+00	8
864f359f8f0d0f839ae06d714fd28f801743bfab	2023-02-10 12:32:11.816203+00	3
\.


--
-- Data for Name: django_admin_log; Type: TABLE DATA; Schema: public; Owner: postgres
--

COPY public.django_admin_log (id, action_time, object_id, object_repr, action_flag, change_message, content_type_id, user_id) FROM stdin;
\.


--
-- Data for Name: django_content_type; Type: TABLE DATA; Schema: public; Owner: postgres
--

COPY public.django_content_type (id, app_label, model) FROM stdin;
1	admin	logentry
2	auth	permission
3	auth	group
4	contenttypes	contenttype
5	sessions	session
6	main	customuser
7	main	niccolgur
8	authtoken	token
9	authtoken	tokenproxy
\.


--
-- Data for Name: django_migrations; Type: TABLE DATA; Schema: public; Owner: postgres
--

COPY public.django_migrations (id, app, name, applied) FROM stdin;
1	contenttypes	0001_initial	2022-06-05 11:39:22.217651+00
2	contenttypes	0002_remove_content_type_name	2022-06-05 11:39:22.238802+00
3	auth	0001_initial	2022-06-05 11:39:22.314169+00
4	auth	0002_alter_permission_name_max_length	2022-06-05 11:39:22.327271+00
5	auth	0003_alter_user_email_max_length	2022-06-05 11:39:22.34478+00
6	auth	0004_alter_user_username_opts	2022-06-05 11:39:22.359557+00
7	auth	0005_alter_user_last_login_null	2022-06-05 11:39:22.388832+00
8	auth	0006_require_contenttypes_0002	2022-06-05 11:39:22.393382+00
9	auth	0007_alter_validators_add_error_messages	2022-06-05 11:39:22.408061+00
10	auth	0008_alter_user_username_max_length	2022-06-05 11:39:22.422714+00
11	auth	0009_alter_user_last_name_max_length	2022-06-05 11:39:22.455592+00
12	auth	0010_alter_group_name_max_length	2022-06-05 11:39:22.479205+00
13	auth	0011_update_proxy_permissions	2022-06-05 11:39:22.493765+00
14	main	0001_initial	2022-06-05 11:39:22.576849+00
15	admin	0001_initial	2022-06-05 11:39:22.61946+00
16	admin	0002_logentry_remove_auto_add	2022-06-05 11:39:22.639524+00
17	admin	0003_logentry_add_action_flag_choices	2022-06-05 11:39:22.67363+00
18	auth	0012_alter_user_first_name_max_length	2022-06-05 11:39:22.694385+00
19	main	0002_auto_20220604_1128	2022-06-05 11:39:22.747256+00
20	main	0003_alter_customuser_first_name_niccolgur	2022-06-05 11:39:22.825218+00
21	main	0004_alter_customuser_img	2022-06-05 11:39:22.850873+00
22	main	0005_customuser_nickname	2022-06-05 11:39:22.877849+00
23	main	0006_remove_customuser_img	2022-06-05 11:39:22.903046+00
24	main	0007_customuser_queue	2022-06-05 11:39:22.936854+00
25	sessions	0001_initial	2022-06-05 11:39:22.958071+00
26	authtoken	0001_initial	2022-06-11 23:35:26.093776+00
27	authtoken	0002_auto_20160226_1747	2022-06-11 23:35:26.211537+00
28	authtoken	0003_tokenproxy	2022-06-11 23:35:26.219042+00
\.


--
-- Data for Name: django_session; Type: TABLE DATA; Schema: public; Owner: postgres
--

COPY public.django_session (session_key, session_data, expire_date) FROM stdin;
o2kyceeni2yqi1350im9sssvtpc2j0re	.eJxVjDsOwjAQRO_iGln-xV4o6TmD5d21cQA5UpxUiLuTSCmgmWLem3mLmNalxrXnOY4sLsKK02-HiZ657YAfqd0nSVNb5hHlrsiDdnmbOL-uh_t3UFOv2xp5yC4or4HBnakQBusAg9KGwFnCorfQ3hEXBHRmSLkAGOWVDZlYfL7qSDgx:1nxUcj:S67CbcYRosUI38JIWPh9nJtyhOVWf5S0c-2nQDJ5jN4	2022-06-18 14:19:29.906+00
\.


-- Data for Name: main_customuser; Type: TABLE DATA; Schema: public; Owner: postgres
--

COPY public.main_customuser (id, password, last_login, is_superuser, username, first_name, last_name, email, is_staff, is_active, date_joined, bio, nickname, queue) FROM stdin;
5	pbkdf2_sha256$320000$ryb7bJaut3T8aO0H3l1P0d$ay8JE0gKzNH01QiuGYlalS3x5Iow3OHn1Amo4tJOCQw=	\N	f	jalapegno	Roberto	Fratello		f	t	2022-06-04 15:13:22.222+00	Il mio nome... è Jalapegno.	Jalapegno	1
6	pbkdf2_sha256$320000$9aUcT78zmkz2PIXD4mjgpH$Id4yX7DOK2PF4QJcdjGWQ+Ixs5sBN6Y/0pY+6Rf9Erw=	\N	f	pogre	Paolo	Cremisini		f	t	2022-06-04 15:13:48.472+00	L'arte è molto worth	Pogre	2
8	pbkdf2_sha256$320000$kkqDmeS11hkFUE0ZlraeqD$DtJYm5+uaEAvUvgkHLa/SlfQ5IiKS7222FFKN3m+Dqs=	\N	f	foscaioli	Paolo	Romagnoli		f	t	2022-06-04 15:15:21.905+00	Un saluto a mia zia Graziana	Fosq	3
3	pbkdf2_sha256$390000$va5cLrF0NLM0laIPLK8KFH$o4uIsX60q7pGZ1ojhs28rJXxR0DBBS1CtGWUcaG7YHM=	\N	t	guglielmo	Guglielmo	Felici	guglielmo.felici@protonmail.com	t	t	2022-06-04 13:54:54.401+00	E quando tutti saranno in fondo alla queue...	Il Diarca Stupendo	4
7	pbkdf2_sha256$320000$aJpEYI5UBzzQQgTkC6uYvH$K4/C4kdIW91mGKYSA0VvzxJDwhhizf2kdsMifO7vRas=	\N	f	iroli	Jacopo	Arioli		f	t	2022-06-04 15:14:22.658+00	Eeeeeh Platone...	iRoli	5
11	none	\N	f	cheguerini	Filippo	Ceccaroni		f	t	2022-06-04 15:17:08.207+00	Hell no	Ceccherini	6
4	pbkdf2_sha256$320000$JMFTQcDBImJcsgm8t0MFO9$4Wo45nMzX4+dlE/0mcXC0vYihdsKSuVzHf72G/ecn+o=	\N	f	sanchez	Davide	Sancilio		f	t	2022-06-04 15:12:40.81+00	Oh zì, caccia il commander	Sanchez il Diarca Simpatico	7
10	none	\N	f	dano	Daniele	Sansoni		f	t	2022-06-04 15:16:31.512+00	Chin chon chun mi scopo i parenti e i morti	Dano	8
9	pbkdf2_sha256$320000$94kQckdoWOal9cANx8Oiju$A4mm/4sEUNyVcXoBCw3zekVkr0gvXptGEo7al0iJP5Y=	\N	f	paglia	Giuliano	Pagliei		f	t	2022-06-04 15:15:40.779+00	...	Paglia	9
\.


--
-- Data for Name: main_customuser_groups; Type: TABLE DATA; Schema: public; Owner: postgres
--

COPY public.main_customuser_groups (id, customuser_id, group_id) FROM stdin;
\.


--
-- Data for Name: main_customuser_user_permissions; Type: TABLE DATA; Schema: public; Owner: postgres
--

COPY public.main_customuser_user_permissions (id, customuser_id, permission_id) FROM stdin;
\.


--
-- Data for Name: main_niccolgur; Type: TABLE DATA; Schema: public; Owner: postgres
--

COPY public.main_niccolgur (id, movie_id, date, season, master_id) FROM stdin;
4	24	2018-05-04	1	4
5	571	2018-05-11	1	3
6	246	2018-05-18	1	10
7	289	2018-05-25	1	8
8	1480	2018-06-01	1	7
9	510	2018-06-08	1	11
10	4953	2018-06-22	1	9
11	314405	2018-07-06	1	4
12	19223	2018-07-13	1	3
13	19	2018-09-21	2	5
14	41428	2018-09-28	2	10
15	1103	2018-10-05	2	8
16	56693	2018-10-12	2	7
17	769	2018-10-19	2	11
18	403605	2018-10-26	2	3
19	103328	2018-11-02	2	9
20	25239	2018-11-09	2	3
21	12487	2018-11-16	2	10
22	9470	2018-11-23	2	8
23	21484	2018-11-30	2	7
24	39108	2018-12-07	2	9
67	1124	2020-05-22	5	4
68	31767	2020-05-29	5	6
69	72113	2020-06-05	5	5
70	101	2020-06-12	6	8
71	60308	2020-06-19	6	9
72	1051	2020-06-26	6	3
73	827	2020-07-03	6	7
74	20914	2020-07-11	6	4
75	8216	2020-07-17	6	10
76	5336	2020-09-18	7	8
77	629	2020-10-02	7	11
78	598	2020-10-16	7	6
79	522369	2020-10-23	7	3
80	136	2020-10-30	7	9
81	398175	2020-11-06	7	7
82	3176	2020-11-13	7	4
83	56379	2020-11-20	7	6
84	12580	2020-11-27	7	10
85	490	2020-12-04	7	8
86	891	2020-12-11	7	3
87	493922	2020-12-18	7	11
88	27327	2021-01-08	8	7
89	8193	2021-01-15	8	9
90	7446	2021-01-22	8	4
91	62585	2021-01-29	8	6
92	422	2021-02-05	8	8
93	110415	2021-02-12	8	3
94	11948	2021-02-19	8	10
95	138843	2021-02-26	8	11
96	21451	2021-03-05	8	7
97	318846	2021-03-12	8	5
98	11422	2021-03-19	8	4
99	20530	2021-03-26	8	6
100	530915	2021-04-02	8	9
101	1678	2021-04-09	8	8
102	103663	2021-04-16	8	3
103	993	2021-03-23	8	7
104	814415	2021-04-30	8	4
105	9696	2021-05-07	8	10
106	14	2021-05-14	8	5
107	447332	2021-05-21	8	11
108	98246	2021-05-28	8	6
109	9662	2021-06-04	8	8
110	7452	2021-06-11	9	7
111	11533	2021-06-18	9	3
112	3784	2021-06-25	9	4
113	22505	2021-07-02	9	9
114	659	2021-07-09	9	5
115	29056	2021-10-01	10	7
116	66027	2021-10-08	10	6
117	370172	2021-10-15	10	11
118	9741	2021-10-22	10	4
119	19947	2021-10-29	10	8
120	515042	2021-11-05	10	3
121	10451	2021-11-12	10	6
122	149	2021-11-26	10	5
123	270303	2021-12-03	10	9
124	4816	2021-12-10	10	11
125	398173	2021-12-17	10	7
126	54138	2022-02-25	11	4
127	4917	2022-03-04	11	8
128	300668	2022-03-11	11	3
129	568	2022-03-18	11	9
130	105210	2022-03-25	11	5
131	18415	2022-04-01	11	7
132	9028	2022-04-08	11	6
133	255756	2022-04-15	11	4
134	152747	2022-04-22	11	9
135	74349	2022-04-30	11	7
136	207703	2022-05-07	11	8
137	245698	2022-05-13	11	4
138	252822	2022-05-20	11	6
139	110402	2022-05-27	11	9
140	8689	2022-06-03	11	5
141	15742	2022-06-10	11	7
142	18311	2022-06-17	12	6
143	3082	2022-06-28	12	11
144	508935	2022-10-07	12	4
188	754	2022-10-14	12	3
189	42994	2022-10-21	12	7
191	417384	2022-11-04	12	8
193	68734	2022-11-18	12	5
194	81775	2022-11-25	12	7
196	511817	2022-12-09	12	9
198	9392	2023-02-10	13	3
200	18533	2023-02-24	13	7
202	16328	2023-03-10	13	9
204	4995	2023-03-24	13	7
206	11770	2023-04-14	14	5
208	1162	2023-04-29	14	9
210	8681	2023-05-13	14	8
211	619264	2023-05-19	14	5
213	776	2023-06-02	14	7
214	639933	2023-06-09	14	3
215	2487	2023-06-09	15	9
217	977341	2023-10-13	15	6
218	353491	2023-10-20	15	4
219	11167	2023-10-27	15	7
223	192	2023-11-24	15	4
225	11942	2023-12-15	15	7
229	19204	2024-02-16	16	7
221	513434	2024-02-02	16	6
227	1008042	2023-11-10	15	8
231	38810	2024-03-01	16	11
233	7500	2024-03-16	16	6
234	33320	2024-03-22	16	9
190	418078	2022-10-28	12	9
192	81540	2022-11-11	12	6
195	672582	2022-12-02	12	4
199	491584	2023-02-17	13	6
197	11798	2023-02-03	13	8
203	396535	2023-03-17	13	8
205	473033	2023-03-31	13	3
207	11699	2023-04-21	14	4
209	57447	2023-05-05	14	6
212	593	2023-05-26	14	4
216	170	2023-10-06	15	8
201	516486	2023-03-03	13	4
220	13310	2023-11-03	15	3
222	11645	2023-11-17	15	5
224	468284	2023-12-01	15	9
226	310131	2023-12-22	15	3
228	32295	2024-02-09	16	9
230	347031	2024-02-23	16	8
232	4484	2024-03-08	16	5
235	503919	2024-03-29	16	3
25	281	2019-01-11	3	11
26	19026	2019-01-18	3	3
27	215743	2019-01-28	3	10
28	565179	2019-02-01	3	8
29	11657	2019-02-08	3	6
30	33078	2019-02-15	3	7
31	581012	2019-02-22	3	11
32	250574	2019-03-01	3	3
33	29039	2019-03-08	3	6
34	11075	2019-03-15	3	10
35	399174	2019-03-22	3	8
36	17529	2019-03-29	3	4
37	68	2019-04-05	3	11
38	2118	2019-06-28	4	3
39	3133	2019-07-05	4	7
40	4241	2019-07-12	4	10
41	13183	2019-09-06	4	8
42	261	2019-09-13	4	6
43	25205	2019-09-20	4	3
44	44865	2019-09-27	4	4
45	129564	2019-10-04	4	7
46	419430	2019-10-18	4	8
47	548	2019-10-25	4	10
48	4923	2019-11-01	4	6
49	504562	2019-11-08	4	11
50	132232	2019-11-15	4	4
51	11951	2019-11-22	4	9
52	348893	2019-11-29	4	3
53	492015	2020-02-14	5	8
54	31052	2020-02-21	5	7
55	120	2020-02-28	5	10
56	41387	2020-03-06	5	3
57	683150	2020-03-13	5	7
58	396263	2020-03-20	5	11
59	300168	2020-03-27	5	4
60	576	2020-04-03	5	6
61	12593	2020-04-10	5	5
62	284	2020-04-17	5	9
63	19236	2020-04-25	5	8
64	638	2020-05-01	5	3
65	4977	2020-05-09	5	10
66	11033	2020-05-15	5	7
236	8051	2024-04-05	16	7
237	33319	2024-04-19	16	9
\.


--
-- Data for Name: main_niccolgur_members; Type: TABLE DATA; Schema: public; Owner: postgres
--

COPY public.main_niccolgur_members (id, niccolgur_id, customuser_id) FROM stdin;
1	4	3
2	4	4
3	4	5
4	4	6
5	4	7
6	4	8
7	4	9
8	4	10
9	5	3
10	5	4
11	5	5
12	5	6
13	5	7
14	5	8
15	5	9
16	5	10
17	5	11
18	6	3
19	6	4
20	6	6
21	6	7
22	6	8
23	6	10
24	6	11
25	7	3
26	7	4
27	7	6
28	7	7
29	7	8
30	7	9
31	7	10
32	7	11
33	8	3
34	8	4
35	8	5
36	8	6
37	8	7
38	8	8
39	8	9
40	8	10
41	8	11
42	9	3
43	9	4
44	9	5
45	9	7
46	9	9
47	9	10
48	9	11
49	10	3
50	10	4
51	10	5
52	10	6
53	10	7
54	10	8
55	10	9
56	10	10
57	10	11
58	11	3
59	11	4
60	11	5
61	11	6
62	11	7
63	11	9
64	11	10
65	11	11
66	12	3
67	12	4
68	12	5
69	12	6
70	12	7
71	12	8
72	12	9
73	12	10
74	12	11
75	13	3
76	13	5
77	13	6
78	13	7
79	13	8
80	13	9
81	13	10
82	14	3
83	14	7
84	14	8
85	14	9
86	14	10
87	14	11
88	15	3
89	15	7
90	15	8
91	15	9
92	15	10
93	15	11
94	16	3
95	16	5
96	16	6
97	16	7
98	16	10
99	16	11
100	17	3
101	17	5
102	17	6
103	17	7
104	17	8
105	17	10
106	17	11
107	18	8
108	18	9
109	18	3
110	19	3
111	19	6
112	19	7
113	19	9
114	19	11
115	20	3
116	20	5
117	20	7
118	20	8
119	20	9
120	20	10
121	20	11
122	21	3
123	21	5
124	21	6
125	21	7
126	21	8
127	21	9
128	21	10
129	21	11
130	22	3
131	22	6
132	22	7
133	22	8
134	22	9
135	22	10
136	22	11
137	23	3
138	23	7
139	23	8
140	23	9
141	23	10
142	24	3
143	24	6
144	24	7
145	24	8
146	24	9
147	24	10
148	24	11
149	25	3
150	25	6
151	25	7
152	25	8
153	25	10
154	25	11
155	26	3
156	26	5
157	26	6
158	26	7
159	26	8
160	26	10
161	26	11
162	27	3
163	27	6
164	27	7
165	27	8
166	27	10
167	27	11
168	28	3
169	28	6
170	28	7
171	28	8
172	28	10
173	28	11
174	29	3
175	29	6
176	29	7
177	29	8
178	29	10
179	29	11
180	30	3
181	30	4
182	30	6
183	30	7
184	30	8
185	30	10
186	30	11
187	31	3
188	31	4
189	31	6
190	31	7
191	31	8
192	31	11
193	32	3
194	32	4
195	32	5
196	32	6
197	32	7
198	32	10
199	32	11
200	33	3
201	33	4
202	33	6
203	33	8
204	33	10
205	33	11
206	34	3
207	34	4
208	34	7
209	34	8
210	34	10
211	34	11
212	35	3
213	35	4
214	35	5
215	35	6
216	35	7
217	35	8
218	35	10
219	35	11
220	36	3
221	36	4
222	36	5
223	36	6
224	36	7
225	36	10
226	36	11
227	37	3
228	37	4
229	37	5
230	37	6
231	37	7
232	37	8
233	37	10
234	37	11
235	38	3
236	38	4
237	38	5
238	38	6
239	38	7
240	38	8
241	38	10
242	39	3
243	39	5
244	39	6
245	39	7
246	39	8
247	39	10
248	39	11
249	40	3
250	40	4
251	40	6
252	40	7
253	40	8
254	40	10
255	40	11
256	41	3
257	41	4
258	41	6
259	41	8
260	41	11
261	42	3
262	42	4
263	42	6
264	42	7
265	42	8
266	42	10
267	42	11
268	43	3
269	43	4
270	43	7
271	43	8
272	43	10
273	44	3
274	44	4
275	44	5
276	44	6
277	44	7
278	44	11
279	45	3
280	45	4
281	45	7
282	45	8
283	45	10
284	46	3
285	46	4
286	46	5
287	46	6
288	46	7
289	46	8
290	46	10
291	46	11
292	47	3
293	47	6
294	47	7
295	47	8
296	47	10
297	48	4
298	48	6
299	48	7
300	48	8
301	48	9
302	48	11
303	49	3
304	49	4
305	49	7
306	49	9
307	49	10
308	49	11
309	50	4
310	50	8
311	50	9
312	50	10
313	50	11
314	51	3
315	51	4
316	51	5
317	51	6
318	51	8
319	51	9
320	51	11
321	52	3
322	52	4
323	52	5
324	52	6
325	52	7
326	52	8
327	52	9
328	52	10
329	52	11
330	53	3
331	53	4
332	53	5
333	53	6
334	53	7
335	53	8
336	53	9
337	53	11
338	54	3
339	54	4
340	54	5
341	54	6
342	54	7
343	54	8
344	54	9
345	54	10
346	54	11
347	55	10
348	55	3
349	55	7
350	56	3
351	56	4
352	56	5
353	56	6
354	56	7
355	56	8
356	56	9
357	56	10
358	56	11
359	57	3
360	57	4
361	57	5
362	57	6
363	57	7
364	57	8
365	57	9
366	57	10
367	57	11
368	58	3
369	58	4
370	58	5
371	58	6
372	58	7
373	58	8
374	58	9
375	58	10
376	58	11
377	59	3
378	59	4
379	59	5
380	59	6
381	59	7
382	59	8
383	59	9
384	59	10
385	59	11
386	60	3
387	60	4
388	60	5
389	60	6
390	60	7
391	60	8
392	60	9
393	60	10
394	60	11
395	61	3
396	61	4
397	61	5
398	61	6
399	61	7
400	61	8
401	61	9
402	61	10
403	61	11
404	62	3
405	62	4
406	62	5
407	62	6
408	62	7
409	62	8
410	62	9
411	62	11
412	63	3
413	63	4
414	63	5
415	63	6
416	63	7
417	63	8
418	63	9
419	63	10
420	63	11
421	64	3
422	64	4
423	64	5
424	64	6
425	64	7
426	64	8
427	64	9
428	64	10
429	64	11
430	65	3
431	65	4
432	65	5
433	65	6
434	65	7
435	65	8
436	65	10
437	65	11
438	66	3
439	66	4
440	66	5
441	66	6
442	66	7
443	66	8
444	66	9
445	66	10
446	66	11
447	67	3
448	67	4
449	67	5
450	67	6
451	67	7
452	67	8
453	67	9
454	67	10
455	68	3
456	68	4
457	68	5
458	68	6
459	68	7
460	68	8
461	68	9
462	68	10
463	68	11
464	69	3
465	69	4
466	69	5
467	69	6
468	69	7
469	69	8
470	70	3
471	70	4
472	70	5
473	70	6
474	70	7
475	70	8
476	70	9
477	70	10
478	70	11
479	71	3
480	71	4
481	71	5
482	71	6
483	71	7
484	71	8
485	71	9
486	71	11
487	72	3
488	72	4
489	72	6
490	72	7
491	72	8
492	72	9
493	72	10
494	73	3
495	73	4
496	73	5
497	73	7
498	73	8
499	73	9
500	73	10
501	73	11
502	74	3
503	74	4
504	74	5
505	74	7
506	74	8
507	74	9
508	74	10
509	75	3
510	75	4
511	75	6
512	75	7
513	75	8
514	75	10
515	75	11
516	76	3
517	76	4
518	76	5
519	76	6
520	76	7
521	76	8
522	76	9
523	76	10
524	76	11
525	77	3
526	77	4
527	77	5
528	77	6
529	77	7
530	77	8
531	77	9
532	77	10
533	77	11
534	78	3
535	78	4
536	78	6
537	78	7
538	78	9
539	78	10
540	78	11
541	79	3
542	79	4
543	79	5
544	79	6
545	79	7
546	79	8
547	79	9
548	79	10
549	80	3
550	80	4
551	80	6
552	80	7
553	80	8
554	80	9
555	81	3
556	81	4
557	81	6
558	81	7
559	81	8
560	81	9
561	81	10
562	82	3
563	82	4
564	82	6
565	82	7
566	82	9
567	82	10
568	82	11
569	83	3
570	83	4
571	83	5
572	83	6
573	83	7
574	83	8
575	83	9
576	83	10
577	83	11
578	84	3
579	84	4
580	84	6
581	84	7
582	84	8
583	84	10
584	84	11
585	85	3
586	85	4
587	85	5
588	85	6
589	85	7
590	85	8
591	85	9
592	85	10
593	85	11
594	86	3
595	86	4
596	86	5
597	86	6
598	86	7
599	86	8
600	86	9
601	86	10
602	86	11
603	87	3
604	87	4
605	87	6
606	87	7
607	87	8
608	87	9
609	87	10
610	87	11
611	88	3
612	88	4
613	88	5
614	88	6
615	88	7
616	88	8
617	88	9
618	88	10
619	88	11
620	89	3
621	89	4
622	89	6
623	89	7
624	89	8
625	89	9
626	89	11
627	90	3
628	90	4
629	90	5
630	90	6
631	90	7
632	90	8
633	90	9
634	90	10
635	90	11
636	91	3
637	91	4
638	91	5
639	91	6
640	91	7
641	91	8
642	91	9
643	91	10
644	91	11
645	92	3
646	92	4
647	92	6
648	92	7
649	92	8
650	92	9
651	92	10
652	92	11
653	93	3
654	93	4
655	93	5
656	93	6
657	93	7
658	93	8
659	93	9
660	93	10
661	93	11
662	94	3
663	94	4
664	94	5
665	94	6
666	94	7
667	94	8
668	94	10
669	94	11
670	95	3
671	95	4
672	95	5
673	95	6
674	95	7
675	95	8
676	95	9
677	95	10
678	95	11
679	96	3
680	96	4
681	96	5
682	96	6
683	96	7
684	96	8
685	96	9
686	96	10
687	96	11
688	97	3
689	97	4
690	97	5
691	97	6
692	97	7
693	97	8
694	97	9
695	97	10
696	97	11
697	98	3
698	98	4
699	98	5
700	98	6
701	98	7
702	98	8
703	98	9
704	98	10
705	98	11
706	99	3
707	99	4
708	99	5
709	99	6
710	99	7
711	99	8
712	99	9
713	99	10
714	100	3
715	100	4
716	100	6
717	100	7
718	100	8
719	100	9
720	101	3
721	101	4
722	101	5
723	101	6
724	101	7
725	101	8
726	101	9
727	101	10
728	101	11
729	102	3
730	102	4
731	102	5
732	102	6
733	102	7
734	102	8
735	102	9
736	102	10
737	102	11
738	103	3
739	103	4
740	103	5
741	103	6
742	103	7
743	103	8
744	103	9
745	103	10
746	103	11
747	104	3
748	104	4
749	104	5
750	104	6
751	104	7
752	104	8
753	104	9
754	104	10
755	104	11
756	105	3
757	105	4
758	105	5
759	105	6
760	105	7
761	105	8
762	105	10
763	105	11
764	106	3
765	106	4
766	106	5
767	106	6
768	106	7
769	106	8
770	106	9
771	106	10
772	106	11
773	107	3
774	107	4
775	107	5
776	107	6
777	107	7
778	107	8
779	107	9
780	107	10
781	107	11
782	108	4
783	108	5
784	108	6
785	108	7
786	108	8
787	108	9
788	108	10
789	108	11
790	109	3
791	109	4
792	109	5
793	109	6
794	109	7
795	109	8
796	109	9
797	109	10
798	109	11
799	110	3
800	110	4
801	110	5
802	110	7
803	110	8
804	110	10
805	111	3
806	111	4
807	111	5
808	111	6
809	111	8
810	111	9
811	111	10
812	111	11
813	112	3
814	112	4
815	112	5
816	112	7
817	112	8
818	112	9
819	112	11
820	113	3
821	113	4
822	113	5
823	113	6
824	113	7
825	113	9
826	114	3
827	114	4
828	114	5
829	114	6
830	114	7
831	114	8
832	114	9
833	114	11
834	115	3
835	115	4
836	115	5
837	115	6
838	115	7
839	115	8
840	115	9
841	115	10
842	115	11
843	116	4
844	116	5
845	116	6
846	116	7
847	116	9
848	116	11
849	117	3
850	117	4
851	117	5
852	117	6
853	117	7
854	117	8
855	117	9
856	117	10
857	117	11
858	118	3
859	118	4
860	118	5
861	118	6
862	118	8
863	118	9
864	119	3
865	119	4
866	119	5
867	119	6
868	119	7
869	119	8
870	119	11
871	120	3
872	120	4
873	120	6
874	120	7
875	120	8
876	120	9
877	120	11
878	121	3
879	121	4
880	121	5
881	121	6
882	121	7
883	121	8
884	121	11
885	122	3
886	122	4
887	122	5
888	122	6
889	122	7
890	122	8
891	122	9
892	122	11
893	123	3
894	123	4
895	123	5
896	123	6
897	123	7
898	123	8
899	123	9
900	123	11
901	124	3
902	124	4
903	124	5
904	124	7
905	124	8
906	124	9
907	124	11
908	125	3
909	125	4
910	125	6
911	125	7
912	125	8
913	125	9
914	126	3
915	126	4
916	126	5
917	126	6
918	126	7
919	126	8
920	126	9
921	127	3
922	127	4
923	127	5
924	127	6
925	127	7
926	127	8
927	127	9
928	127	10
929	127	11
930	128	3
931	128	4
932	128	5
933	128	7
934	128	8
935	128	9
936	128	11
937	129	3
938	129	5
939	129	6
940	129	7
941	129	8
942	129	9
943	129	11
944	130	4
945	130	5
946	130	6
947	130	7
948	130	8
949	130	9
950	130	11
951	131	9
952	131	4
953	131	6
954	131	7
955	132	3
956	132	4
957	132	6
958	132	7
959	132	9
960	132	11
961	133	3
962	133	4
963	133	5
964	133	6
965	133	7
966	133	8
967	133	9
968	134	8
969	134	9
970	134	4
971	134	7
972	135	3
973	135	4
974	135	6
975	135	7
976	135	8
977	135	9
978	136	3
979	136	4
980	136	5
981	136	6
982	136	7
983	136	8
984	136	9
985	137	4
986	137	5
987	137	6
988	137	7
989	137	8
990	137	9
991	138	4
992	138	5
993	138	6
994	138	7
995	138	9
996	139	3
997	139	4
998	139	5
999	139	6
1000	139	7
1001	139	8
1002	139	9
1003	139	11
1004	140	3
1005	140	5
1006	140	6
1007	140	7
1008	140	9
1009	140	11
1010	141	4
1011	141	5
1012	141	6
1013	141	7
1014	141	8
1015	141	9
1016	141	11
1017	142	3
1018	142	4
1019	142	6
1020	142	7
1021	142	8
1022	142	9
1023	142	11
1024	143	3
1025	143	4
1026	143	5
1027	143	6
1028	143	7
1029	143	8
1030	143	9
1031	143	11
1032	144	3
1033	144	4
1034	144	5
1035	144	6
1036	144	7
1037	144	8
1038	144	9
1039	144	11
1143	188	3
1144	188	4
1145	188	5
1146	188	6
1147	188	7
1148	188	8
1149	188	9
1150	189	3
1151	189	4
1152	189	5
1153	189	6
1154	189	7
1155	189	9
1156	189	11
1157	190	3
1158	190	4
1159	190	6
1160	190	7
1161	190	8
1162	190	9
1163	191	4
1164	191	5
1165	191	6
1166	191	7
1167	191	8
1168	191	9
1169	191	11
1170	192	4
1171	192	5
1172	192	6
1173	192	7
1174	192	8
1175	192	9
1176	193	3
1177	193	4
1178	193	5
1179	193	7
1180	193	8
1181	193	9
1182	194	3
1183	194	4
1184	194	5
1185	194	6
1186	194	7
1187	194	8
1188	194	9
1189	194	11
1190	195	3
1191	195	4
1192	195	6
1193	195	7
1194	195	8
1195	195	9
1196	195	11
1197	196	3
1198	196	6
1199	196	7
1200	196	8
1201	196	9
1202	196	11
1203	197	3
1204	197	4
1205	197	5
1206	197	6
1207	197	7
1208	197	8
1209	197	9
1210	198	3
1211	198	4
1213	198	6
1214	198	7
1215	198	8
1216	198	9
1217	198	11
1218	199	3
1219	199	4
1220	199	5
1221	199	6
1222	199	7
1223	199	8
1224	199	9
1225	200	4
1226	200	5
1227	200	6
1228	200	7
1229	200	9
1230	201	8
1231	201	9
1232	201	4
1233	201	7
1234	202	3
1235	202	4
1236	202	6
1237	202	7
1238	202	8
1239	202	9
1240	203	3
1241	203	4
1242	203	5
1243	203	6
1244	203	7
1245	203	8
1246	203	9
1247	203	11
1248	204	3
1249	204	4
1250	204	5
1251	204	7
1252	204	8
1253	204	9
1254	205	3
1255	205	4
1256	205	5
1257	205	6
1258	205	7
1259	205	8
1260	205	9
1261	206	4
1262	206	5
1263	206	6
1264	206	7
1265	206	8
1266	206	9
1267	207	3
1268	207	4
1269	207	5
1270	207	6
1271	207	7
1272	207	8
1273	207	9
1274	208	3
1275	208	4
1276	208	5
1277	208	6
1278	208	7
1279	208	8
1280	208	9
1281	208	11
1282	209	3
1283	209	4
1284	209	5
1285	209	6
1286	209	7
1287	209	8
1288	209	9
1289	210	4
1290	210	5
1291	210	6
1292	210	8
1293	210	9
1294	211	4
1295	211	5
1296	211	6
1297	211	7
1298	211	8
1299	211	9
1300	212	3
1301	212	4
1302	212	6
1303	212	7
1304	212	8
1305	212	9
1306	212	11
1307	213	3
1308	213	4
1309	213	6
1310	213	7
1311	213	9
1312	214	8
1313	214	9
1314	214	3
1315	214	7
1316	215	3
1317	215	4
1318	215	5
1319	215	6
1320	215	7
1321	215	8
1322	215	9
1324	201	5
1326	216	3
1327	216	4
1328	216	6
1329	216	7
1330	216	8
1331	216	9
1332	217	3
1333	217	4
1334	217	5
1335	217	6
1336	217	7
1337	217	9
1338	217	11
1339	218	3
1340	218	4
1341	218	5
1342	218	6
1343	218	7
1344	218	8
1345	218	10
1346	219	3
1347	219	4
1348	219	6
1349	219	7
1350	219	8
1351	219	9
1352	220	8
1353	220	3
1354	220	4
1355	220	7
1356	221	8
1359	221	5
1360	222	3
1361	222	4
1362	222	5
1363	222	6
1364	222	7
1365	222	8
1366	222	9
1367	223	3
1368	223	4
1369	223	6
1370	223	7
1371	223	8
1372	223	9
1373	224	3
1374	224	4
1375	224	5
1376	224	6
1377	224	7
1378	224	8
1379	224	9
1380	225	3
1381	225	5
1382	225	6
1383	225	7
1384	225	8
1385	226	9
1386	226	3
1387	226	6
1388	226	7
1390	227	5
1393	227	8
1396	228	6
1397	228	7
1398	228	8
1399	228	9
1400	228	11
1401	229	3
1402	229	5
1403	229	7
1404	229	8
1405	229	9
1406	229	11
1407	230	3
1408	230	5
1409	230	6
1410	230	8
1411	230	9
1412	230	11
1413	221	3
1414	221	6
1415	221	7
1416	221	9
1417	221	11
1418	227	4
1419	231	5
1420	231	6
1421	231	7
1422	231	8
1423	231	9
1424	231	11
1425	232	8
1426	232	9
1427	232	5
1428	232	6
1429	233	3
1430	233	5
1431	233	6
1432	233	7
1433	233	8
1434	233	9
1435	233	11
1436	234	9
1437	234	3
1438	234	5
1439	234	7
1440	235	9
1441	235	3
1442	235	5
1443	235	7
1444	236	3
1445	236	6
1446	236	7
1447	236	8
1448	236	9
1449	237	3
1450	237	5
1451	237	6
1452	237	7
1453	237	9
\.


SELECT setval('main_niccolgur_id_seq', (SELECT MAX(id) FROM main_niccolgur));
SELECT setval('main_moviedata_id_seq', (SELECT MAX(id) FROM main_moviedata));

--
-- PostgreSQL database dump complete
--

--
-- PostgreSQL database cluster dump complete
--

